Reynard,Blancowe
Olwen,Errichi
Jeralee,Baack
Bernelle,Lebourn
Byran,Merrill
Sol,Andrini
Lorain,Maudlen
Selma,Silversmidt
Allin,Bracknell
Leah,Blackledge
Ebenezer,Jull
Sharai,Hegge
Anne,Soffe
Eugene,Ide
Cassandra,Traut
Fields,Btham
Loise,Chree
Tamar,Heak
Emmerich,Woodcraft
Kordula,Breyt
Gui,Bleyman
Penny,Summergill
Mel,Giroldi
Raye,Vel
Katlin,Fillimore
Rebekah,Shinfield
Peri,Flott
Andre,Saile
Ettore,Macbeth
Nixie,Mc Gaughey
Kipper,Fillan
Errick,Platfoot
Hestia,Farrears
Nissa,Killford
Floyd,Elstob
Tonya,Hearson
Jdavie,Malcolmson
Paul,Vogel
Janaya,Estabrook
Kaitlynn,Ruddin
Lil,Collete
Brigg,Kitcherside
Valery,Amies
Willow,Geal
Lewes,Normavill
Teri,Vasyunichev
Mallory,Brain
Virgie,Treneer
Ainslee,Birchenhead
Sal,Popple
